Company,Industry,Job Type ,Job Title,Work Mode,Location,Salary,When,Work Visa Required,Application Link,Application Posted,Application Deadline,Notes,,,,,,,,,,,,,,,
Dexcom,Healthcare Services,Different Sectors,2026 Summer Intern,In person ,"San Diego, CA",Not listed,Summer,,https://careers.dexcom.com/careers?domain=dexcom.com&src=LinkedIn&start=0&pid=28032413&sort_by=hot,June 2025,N/A,,,,,,,,,,,,,,,,
Northwestern Mutual,Financial Planning,Finance ,Finance Intern,In person ,"La Jolla, CA",Not listed,Not Shown,,"https://interns-northwesternmutual.icims.com/jobs/14406/college-financial-representative,-internship-program/job?mobile=false&width=1424&height=500&bga=true&needsRedirect=false&jan1offset=-480&jun1offset=-420",July 2025,N/A,,,,,,,,,,,,,,,,
City of San Diego,City Council,Management ,Intern-Council District 8,In person ,"San Diego, CA",$19.47 to $22.75,Not Shown,,https://jobs.sandiego.gov/job/Intern-Council-District-8-CA/1306155900/?utm_source=linkedin,July 2025,July 23rd 2025,,,,,,,,,,,,,,,,
Matthews Real Estate Investment Services,Real Estate,Sales ,Sales Intern,In person ,"San Diego, CA",Unpaid,Not Shown,,https://www.matthews.com/career/sales-intern-sd/,July 2025,N/A,,,,,,,,,,,,,,,,
Lotus Sales,Sales,Marketing ,Summer Outside Sales Intern,In person ,"San Diego, CA","$7,000 - $20,000 for 3 month program",Summer,,https://app.eddy.com/careers/lotussales/c8c95e5d-5272-4190-b133-39a83a566f7d?source=LINKED_IN,July 2025,N/A,,,,,,,,,,,,,,,,
Red Bull,Beverages,Marketing ,"Student Marketeer - University of California, San Diego ",In person ,"San Diego, CA",$19.25,Year Round,,https://jobs.redbull.com/us-en/san-diego-student-marketeer-university-of-california-san-diego-ref23201z?sourceTypeId=PAID&sourceId=cf9c853d-3d03-4305-93a7-9bd9c04803b1,July 2025,N/A,,,,,,,,,,,,,,,,
Oliver Wyman,Consulting,Strategy/Consulting,Summer 2026 Intern,In person ,"Boston, Chicago, Dallas, Houston, New York, San Francisco, Washington D.C.",Not listed,Summer,,https://www.theladders.com/job/oliver-wyman-summer-2026-intern-us-marshmclennan-san-francisco-ca_80491592?utm_campaign=google_jobs_apply&utm_source=google_jobs_apply&utm_medium=organic,N/A,N/A,,,,,,,,,,,,,,,,
Morgan Stanley,Finance,Finance ,"2026 Fixed Income Summer Analyst Program
",In person ,"San Francisco, CA",$52.89 per hour,Summer,,https://www.tealhq.com/job/2026-fixed-income-summer-analyst-program-san-francisco_3ae5ff26-af6d-40b5-ae31-156b393b2700?utm_campaign=google_jobs_apply&utm_source=google_jobs_apply&utm_medium=organic,N/A,N/A,Minimum GPA: 3.0,,,,,,,,,,,,,,,
JP Morgan,Asset Management,Management ,JP Morgan Asset Management Analyst,In person ,Varies (New York),,Summer,,https://jpmc.fa.oraclecloud.com/hcmUI/CandidateExperience/en/sites/CX/job/210586265,July 2025,October 1st 2025,Junior/Sophmore,,,,,,,,,,,,,,,
Wells Fargo,Commercial Banking,Finance ,2026 Commercial Banking Analyst,In person ,"Los Angeles, CA/ San Francisco, CA",$18.00 to $65.00 per hour,Summer,,https://wd1.myworkdaysite.com/recruiting/wf/WellsFargoJobs/job/LOS-ANGELES-CA/XMLNAME-2026-Commercial-Banking-Summer-Internship---Early-Careers--CA-_R-467262,August 2025,N/A,"All majors welcome, preferably 26/27 graduates",,,,,,,,,,,,,,,
Bank of America,Finance and Banking,Finance ,Global Payments Solutions Summer Analyst Program - 2026,In person ,"Varies (Atlanta, SF)",Not listed,Summer,,https://careers.bankofamerica.com/en-us/students/job-detail/12962/global-payments-solutions-summer-analyst-program-2026-multiple-locations,N/A,October 18th. 2025,"Minimum GPA: 3.2, preferably 26/27 graduates",,,,,,,,,,,,,,,
BGM Group,Accounting Intern,Accounting ,Summer 2026 Accounting Intern,Remote,,$26 per hour,Summer,,https://smartapply.indeed.com/beta/indeedapply/form/profile-location,N/A,N/A,"Part time on your own schedule, preferable for those whose studies focus on accounting",,,,,,,,,,,,,,,
Advanced Energy,Market Research,Different Sectors,Intern - Market Research,In person ,"Milpitas, California",$27.00 per hour to $32.00 per hour,Summer,,https://jobs.advanced-energy.com/job/Milpitas-Intern-Market-Research-CA-95035/1311938000/?feedId=351600&utm_source=LinkedInJobPostings&utm_campaign=AdvancedEnergy_LinkedIn,N/A,N/A,Seniors preffered,,,,,,,,,,,,,,,
TikTok,Product Management,Management ,Product Manager Intern,In person ,"San Jose, California",$35.00 per hour,Summer,,https://lifeattiktok.com/search/7533137639197853960?spread=5MWH5CQ,N/A,N/A,"12 week slots for Summer 2026, all undergrads ",,,,,,,,,,,,,,,
BDO,Assurance Intern,Different Sectors,Assurance Intern - Summer 2026,In person ,"San Diego, California",$31.00 per hour,Summer,,https://ebqb.fa.us2.oraclecloud.com/hcmUI/CandidateExperience/en/sites/BDOEntryLevelCareers/job/6917?utm_medium=jobshare,N/A,N/A, Bachelors or Masters program in Accounting,,,,,,,,,,,,,,,
All Wells Fargo Internships,,Different Sectors,,,,,,,https://www.wellsfargojobs.com/en/early-careers/undergraduate-programs/,N/A,,,,,,,,,,,,,,,,,
K1,Investment Management,Strategy/Consulting,AI Development Intern ,In person ,"Manhattan Beach, California",$30/hr,Not Shown,,https://k1im.applytojob.com/apply/nrJTk93P4f,N/A,N/A,Geared toward CS/DS majors,,,,,,,,,,,,,,,
K1,Investment Management,Strategy/Consulting,"Intern, Business Development",In person ,"Manhattan Beach, California",Not listed,Summer,,https://k1im.applytojob.com/apply/tOKmYwK3KY,N/A,N/A,,,,,,,,,,,,,,,,
Alvarez & Marsal,Consulting,Finance ,"Intern, Core Tax",In person ,"Los Angeles, California",$35/hr,Summer,,https://careers.alvarezandmarsal.com/jobs/16388506-intern-core-tax-los-angeles-summer-2026,N/A,N/A,,,,,,,,,,,,,,,,
MaloneBailey,Accounting,Accounting ,Accounting Firm Internship,Hybrid ,"Houston, Texas",Not listed,Summer,,"https://www.malonebailey.com/Careers/Current-Opportunities/?subject=Career%20Inquiry&body=Thank%20you%20for%20your%20interest%20in%20a%20career%20at%20MaloneBailey.%20%20Please%20provide%20the%20following%20information.%0D%0A%0D%0A1.%20Name:%20%0D%0A2.%20Graduation%20Date:%20%0D%0A3.%20CPA%20Eligibility%20Date:%20%0D%0A4.%20Are%20you%20authorized%20to%20work%20lawfully%20in%20the%20United%20States%20for%20MaloneBailey?:%20(Yes%20or%20No)%20%20%0D%0A5.%20Will%20you%20now%20or%20in%20the%20future%20require%20MaloneBailey%20to%20commence%20(%E2%80%9Csponsor%E2%80%9D)%20an%20immigration%20case%20in%20order%20to%20employ%20you%20(for%20example,%20H-1B%20or%20other%20employment-based%20immigration%20case)?%20This%20is%20sometimes%20called%20%E2%80%9Dsponsorship%E2%80%9D%20for%20an%20employment-based%20visa%20status.:%20(Yes%20or%20No)%20%20%0D%0A6.%20What%20position%20are%20you%20interested%20in?:%20%0D%0A7.%20When%20are%20you%20available%20to%20start%20?:%20%0D%0A8.%20Preferred%20location%20(Houston%20or%20China):%0D%0A%0D%0A%0D%0AAlso%20please%20be%20sure%20to%20attach%20a%20current%20resume,%20cover%20letter%20and%20unoffical%20transcript.#op-671659-2026-summer-accounting-firm-internship",N/A,N/A,,,,,,,,,,,,,,,,
Virtu,FinTech Firm,Finance ,Internship - Quantitative Trading,In person ,"Austin, Chicago, New York",$4-5k/week,Summer,,https://job-boards.greenhouse.io/virtu/jobs/7848562002,N/A,N/A,,,,,,,,,,,,,,,,
Aspora,FinTech Firm,Strategy/Consulting,Growth Intern,Remote,,Not listed,Not Shown,,https://jobs.ashbyhq.com/Aspora/84ebab38-cd25-47ef-9e78-80743356dfab?utm_source=r9bA27AdXn,N/A,N/A,,,,,,,,,,,,,,,,
Women for Women,Nonprofit,Strategy/Consulting,Global Business Development Internship,Remote,,195/month stipend,Fall ,,https://careers.womenforwomen.org/en/postings/766d639e-35e2-4756-bda2-b66c9e5c6dcf,N/A,"August 08, 2025",,,,,,,,,,,,,,,,
Winona,Telemedicine,Marketing ,Marketing Intern,Remote,,Not Listed,Not Shown,,https://jobs.ashbyhq.com/Winona/d9971b83-fae5-45e0-8af3-e2971c0d02bf?utm_source=wg8nv4Eev1,N/A,N/A,,,,,,,,,,,,,,,,
Elf Beauty,Beauty,Marketing ,"Intern, Mobile App",Hybrid ,"Oakland, Ca",Not Listed,Summer,,https://jobs.lever.co/elfbeauty/db5e1a83-543e-4f38-aa19-17a86bc73bdb/apply?lever-source=LinkedIn,N/A,N/A,"6 month commitment, can be remote",,,,,,,,,,,,,,,
Cisco,Software Development,Management ,Project Specialist Intern,In person ,"San Jose, Ca or North Carolina",Not Listed,Not Shown,,https://jobs.cisco.com/jobs/ProjectDetail/Project-Specialist-I-Intern-United-States/1447913?source=LinkedIn,August 2025,N/A,,,,,,,,,,,,,,,,
Human Bees,Recruiting,Human Resources ,HR Assistant,In person ,"Fremont, Ca",$20/hr,Not Shown,,https://smartapply.indeed.com/beta/indeedapply/postresumeapply,N/A,N/A,,,,,,,,,,,,,,,,
Waypoint Wealth Management,Wealth Management,Management ,Wealth Management Intern,In person ,"Bozeman, Montana",$20/hr,Year Round,,https://smartapply.indeed.com/beta/indeedapply/form/contact-info-module,N/A,September 2025,Apply ASAP: Starts as soon as September,,,,,,,,,,,,,,,
JoyMe,Digital Development,Marketing ,Influencer Marketing Intern,Remote,,Not Listed,Summer,,https://www.linkedin.com/jobs/view/4268701837/?alternateChannel=search&eBP=CwEAAAGYrrkpv9ow2ptfsvmubAhOqxMNTSiSShjyohSHmNuRPHkxCQwoOgnTxLEKJm6Y4KmhOS-WVaKg4U8uQIDeZS8gXuc1DPb6jEiTOgtdPXX2hwv61JdRUfC45r8h97OPW_L3psGmSiOGcwL5rLruqs7JgDT_X4bw6_uO9s9LDwUcWtlRfEwXG3FLM8a5z7e8I4hYearpb2X4UF2CWyFb1vdq8kOcqkan2_BMrBR5a3_jwcl7vQS1YXUachKZM2Nv3-DNtORQmagJNuDQ3O9H-bwLmLhpTolXdw1hyuAiNw_qXhcJDahKNv7CTqwJOFJjWCWaueMzQ9jKbdfaBJq1Tdk5gZw44Cc7uqDO3OfyQqaeeojzOLZmrMV4HQW7ygWVm3zYkvoN9Th17ScO946OgufCrERKPEweqrQUpuSYcveRDxLAezo05IElrgHVGN9Shy2g0fYfcW4&refId=9i3yYn9XpTGREuvzC9zv0w%3D%3D&trackingId=9hhG%2F6WQP2ne2wwced8PSQ%3D%3D,N/A,N/A,3-6 months (Might be flexible with months),,,,,,,,,,,,,,,
Analysis Group,Consulting,Strategy/Consulting,Summer Analyst Intern - Generalist,In person ,Various locations,Not Listed,Summer,,https://analystcareers-analysisgroup.icims.com/jobs/2729/summer-analyst-intern---generalist-%282026-start-date%29/job?mobile=false&width=1150&height=1509&bga=true&needsRedirect=false&jan1offset=-480&jun1offset=-420 ,N/A,October 5,Rising seniors only,,,,,,,,,,,,,,,
Truist,Banking,Finance ,2026 Finance Summer Internship,In person ,"Charlotte, North Carolina",Not Listed,Summer,,https://careers.truist.com/us/en/job/R0105796,"Aug 20, 2025",,open to December 2026 – June 2028 grads,,,,,,,,,,,,,,,
Stout,Investment Management,Finance ,"Analyst, Investment Banking",In person ,"Chicago, IL;  New York, NY; Los Angeles, CA","$100,000/year",Year Round,,https://stout.wd5.myworkdayjobs.com/en-US/Stout-Student-Careers/job/Chicago-IL/Analyst--Investment-Banking--New-Grad---July-2026-Start-_r1746,Aug 12,September 12,Rising seniors only,,,,,,,,,,,,,,,
American Express,Global Commercial Services,Management ,"Campus Undergraduate Summer Internship Program - 2026 Product, Global Commercial Services - New York, NY",Hybrid ,"New York, NY",$24.05 to $63.00 hourly,Summer,,https://aexp.eightfold.ai/careers/job/30749813?hl=en,N/A,N/A,,,,,,,,,,,,,,,,
EY,Accounting,,Summer Internships 2026 and 2027,In person ,Various locations,Various,Summer,,https://usearlycareers.ey.com/search-jobs,N/A,N/A,,,,,,,,,,,,,,,,
KPMG,Technology,Strategy/Consulting,Embark Scholar Intern,In person ,"Atlanta, GA; Chicago, IL; Dallas, TX; Los Angeles, CA; McLean, VA; New York, NY; San Francisco, CA",Not Listed,Summer,,https://www.kpmguscareers.com/jobdetail/?jobId=125877,N/A,N/A,First gen only,,,,,,,,,,,,,,,
L'Oréal USA,Beauty,Marketing ,L'Oréal USA Digital Summer Internship,Hybrid ,"El Segundo, CA",$24 to $29/ hour,Summer,,https://www.indeed.com/viewjob?jk=aaeb4f4465855199,N/A,N/A,"Housing provided, 3 days in person 2 remote",,,,,,,,,,,,,,,
West Monroe,Business Analyst,Business Analytics ,2026 Enterprise Strategy & Execution Consulting Intern,Hybrid ,"San Francisco, CA",Not Listed,Summer,,https://www.westmonroe.com/careers/job-details-students?gh_jid=5635735004&gh_src=ccbce0344us,N/A,N/A,,,,,,,,,,,,,,,,
Sales Force,Product Growth,Strategy/Consulting,Summer 2026 Intern - Product Growth,In person ,"San Francisco, CA",$32/ hour,Summer,,https://salesforce.wd12.myworkdayjobs.com/External_Career_Site/job/California---San-Francisco/Summer-2026-Intern---Product-Growth_JR307642-1?source=LinkedIn_Jobs,Aug 2025,September 1,,,,,,,,,,,,,,,,
Citi Bank,Banking,Finance ,"Banking - Corporate Banking, Summer Analyst, San Francisco - US, 2026",In person ,"San Francisco, CA",,Summer,,https://ad.doubleclick.net/ddm/trackclk/N4789.466581LINKEDIN.COM/B31905749.393702677;dc_trk_aid=614240951;dc_trk_cid=235979136;dc_lat=;dc_rdid=;tag_for_child_directed_treatment=;tfua=;ltd=;dc_tdv=1;dc_transparent=1;?https://jobs.citi.com/job/-/-/287/76485669120?source=APPLICANT_SOURCE-3-354&utm_medium=job_posting&utm_campaign=nam_experienced&utm_content=social_media&utm_term=393702677&ss=paid&utm_source=linkedin,Aug 2025,N/A,Preffer GPA 3.5+ ,,,,,,,,,,,,,,,
DataBricks,Product Management,Management ,Product Management Intern (Summer 2026),In person ,"Bellevue, WA / San Francisco, CA / Mountain View, CA",$54-$56,Summer,,https://www.databricks.com/company/careers/product/product-management-intern-summer-2026-6883068002?gh_jid=6883068002&gh_src=62a881d62,N/A,N/A,Computer Science Majors preffered,,,,,,,,,,,,,,,
Standard Chartered,Finance,Finance ,Financial Markets Internship,In person ,"New York, NY",,Summer,,https://jobs.standardchartered.com/job/New-York-Financial-Markets-Internship-Programme-2026/828055802/,Aug 2025,,,,,,,,,,,,,,,,,
Standard Chartered,Finance,Finance ,Global Credit Markets Internship,In person ,"New York, NY",,Summer,,https://jobs.standardchartered.com/job/New-York-Global-Credit-Markets-Internship-Programme-2026/828055902/,Aug 2025,,,,,,,,,,,,,,,,,
United Airlines,Audit,Finance ,Intern - Internal Audit & Enterprise Risk Management,In person ,"Chicago, IL",$20/hr,Summer,,https://careers.united.com/us/en/job/WHQ00025586/Intern-Internal-Audit-Enterprise-Risk-Management-Summer-2026,,,For seniors,,,,,,,,,,,,,,,
United Airlines,Pricing and Revenue Management,Management ,Intern - Pricing & Revenue Management,In person ,"Chicago, IL",$20/hr,Summer,,https://careers.united.com/us/en/job/WHQ00025428/Intern-Pricing-Revenue-Management-Summer-2026,,,,,,,,,,,,,,,,,,
Lord Abbett,Investment Management,Finance ,Investment Associate Internship,In person ,"Jersey City, NJ",,Summer,,https://careers-lordabbett.icims.com/jobs/2208/investment-associate-internship---summer-2026/job,,,,,,,,,,,,,,,,,,
Microsoft,Supply Chain,Supply Chain ,Supply Chain Planner,In person ,"Redmond, WA",$4550.00 - $8170.00 per month,Not Shown,,https://jobs.careers.microsoft.com/global/en/job/1859574/Supply-Chain-Planner%3A-Internship-Opportunities?amp;utm_campaign=Copy-job-share,,September 19,,,,,,,,,,,,,,,,
PWC,Deals Strategy,Finance ,Strategy& and Deals Strategy Intern - Summer 2026,In person ,"CA-Los Angeles, IL-Chicago, DC-Washington, MA-Boston, NY-New York, TX-Dallas, CA-San Francisco, CA-Silicon Valley, PA-Philadelphia, TX-Houston",$29.25 - $48.00,Summer,,https://jobs.us.pwc.com/job/los-angeles/strategy-and-and-deals-strategy-intern-summer-2026/932/85401452704,,varying,,,,,,,,,,,,,,,,
Henkel,Business Analyst,Business Analytics ,Business Analytics Intern,In person ,"Culver City, CA",$27,Summer,,https://www.henkel-northamerica.com/careers/jobs-and-application/2087614-2087614,,N/A,,,,,,,,,,,,,,,,
Henkel,Product Management,Management ,Product Management Intern (Summer 2026),In person ,"Irvine, CA",,Summer,,https://www.henkel-northamerica.com/careers/jobs-and-application/2087608-2087608,,,,,,,,,,,,,,,,,,
Adobe,Strategy and Operations,Business Analytics ,TPS Strategy & Operations Analyst,In person ,"San Jose, CA",,Summer,,https://careers.adobe.com/us/en/job/ADOBUSR158747EXTERNALENUS/2026-Intern-TPS-Strategy-Operations-Analyst?utm_source=linkedin&utm_medium=phenom-feeds&source=LinkedIn,,,,,,,,,,,,,,,,,,
Uber,Finance,Finance ,2026 Finance Intern,In person ,"San Francisco, CA",$35,Summer,,https://www.linkedin.com/jobs/search-results/?currentJobId=4296649341&keywords=business%20analystics%20intenr&origin=JOBS_HOME_SEARCH_BUTTON&trackingId=AGVy9hoHNgL6PH4dT%2B7ijQ%3D%3D&refId=8NUHKilXtoxLFmuumRyP5g%3D%3D&eBP=CwEAAAGZQRUPjs195UHYPnj8FYSmsemfrINcNU5v8RP-nKMs1yDRJVlifdqxaGNERfwI6TdyG9J9Q4lQs8Y01KJwgc4jvkrjNMeWSxpob2tbxWbSthK7fVIv3DTOGCCqU2WHUnDunhCbRoHVCEhHzBd5oPHGrvGxOr0wxeIPxRbQ2Puu-f9nTE0PGpyTqUUtzme0rkTWmIEpvSFgxbAk32_MCSMeQBnpC4pW-89gxTCZv38OPNb_o2ucDGgj1zhGeK2CkSNhRjBh3O8u4MfJ2dIBK3cD92kX9PpmcshsZf-aJ3sLNMniaGvNPqs59MhtVCsSAeXYiw64fywgautVcnIzdNdV76sTnpDKKj3stk7hCKnAYcN3LW2ufoJBuEum4UdgxNWK573muWB2e699MssS6MplEcI3KnOgIxTbGsSdd5KAH72YgTgOhbxByadtsR2vo7bKOYhhpxBIy_mfVjhWPBce2i0MnRlR3HES_akqiK_f7bVtI_MIjAyhrk9GaC6buw,,,,,,,,,,,,,,,,,,
North Central Mental Health Services,Accounting,Accounting ,Paid Accounting Internship Oppurtunity,In person ,"Columbus, OH",$18,Summer,,https://www.indeed.com/viewjob?jk=b20cec1aa1cd1501&q=accounting+internship&tk=1j50i296ji9t28kc&from=web&advn=607703740843370&adid=423500233&ad=-6NYlbfkN0DJAjFsJGwWynhPfDXBOnYAcHCIz-2uHWUT5xWf3zFOYtYizKTEDQr2JbtTC_MLkh7eDhzA3urjFS14IP37gAyeR2Z6jiE9_NggkYVmf19zmuOlUS2rPXFALuqOmEIh-ipJoPEAuS-2x4rvUYcMiSljpIMNDi14ariQ4DYAbA_BzGyWl2YC1Ch5kGjsFKRgGmgBMuoPcTEZDUximPL3gDE2idm4zq1f4c0MQiYvUy_8IfS1q6e4sHhO5U4OZi6a5kyThYxTGnHsVHKd_VOJLbyQcqMOWy9EtAP5AhBmjL67imaBS1QcDur8s_X9a8MPkbAMuzHN-HiEEVXbpZdeSAA1uOoyzmatwPNm977kKf0sFfyudMGhw_JD8s0ZtPkOPhgq4ZYxA4kTBru6D1s4cTJFoVqbwclK7oG-XObFCqsOysshM8MHcV_Ewy16SFtN6dhAY930PV_z_Z1mNERh3DiCpOI2F8iQD_X1R7W44IE1JdfwjpLwuooMlqQ2focsVGllMRLhx7iDc9WQvsopBXKpQjM836raFQI_Ylq1GlcyjPtr7SZeniUB&sjdu=37uPmqYONvFaJXe8il-y3ExRRWVS70TEKIJCGgb4QW4Vwh5WWmHTf0ZTni2AosF_kUZFzEAa20OEr3Bui-ewRg&acatk=1j50i2hpqj57t801&pub=4a1b367933fd867b19b072952f68dceb&camk=4HOcmqOLYrAm3rs036ja6g%3D%3D&xkcb=SoC86_M3tgsG90QVlB0IbzkdCdPP&xpse=SoCy6_I3tgsF4oRfxB0IbzkdCdPP&xfps=6e0b02c4-cda6-4dae-9426-34522e126c14&vjs=3,,,Grad date 2026-2027,,,,,,,,,,,,,,,
Pacific Coast Building Company,Finance,Finance ,Finance Intern,In person ,"Sacramento, CA",$20-$21,Summer,,https://secure.indeed.com/auth?continue=https%3A%2F%2Fus.smartapply.indeed.com%2Fbeta%2Findeedapply%2Fresumeapply%3FdraftId%3Db25f9a58-99aa-4750-945c-6e420f4027e7-cGR4cHJvZDE%26jk%3Db49c007647fcc3f5%26jobCountry%3DUS%26postUrl%3Dhttp%253A%252F%252Fmuffit%252Fprocess-indeedapply%26onClick%3DindeedApplyHandleButtonClick%26hl%3Den_US%26isGql%3Dtrue%26jobTitle%3DFinance%2BIntern%26questions%3Diqp%253A%252F%252FJOB%252F68c2e16cd2ef1e620641a190%26source%3Didd%26isInterview%3Dfalse%26preload%3D1%26clientmeta%3D%257B%2526quot%253Bvtk%2526quot%253B%253A%2526quot%253B1j50i6a5ui9u1805%2526quot%253B%252C%2526quot%253Btk%2526quot%253B%253A%2526quot%253B1j50i6a0ei9u1803%2526quot%253B%257D%26iip%3Dtrue%26buttonLoadMethod%3DBUTTON_SDK_CCS%26recentsearchquery%3D%257B%2522what%2522%253A%2522business%2Banalyst%2Binternship%2522%252C%2522where%2522%253A%2522%2522%257D%26jobUrl%3Dhttps%253A%252F%252Fwww.indeed.com%252Fviewjob%253Fjk%253Db49c007647fcc3f5%26href%3Dhttps%253A%252F%252Fwww.indeed.com%252Fq-business-summer-internship-l-california-jobs.html%253Fvjk%253Db49c007647fcc3f5%26coverletter%3DOPTIONAL%26resume%3DREQUIRED%26src%3Didd%26jobMeta%3D%257B%2526quot%253Bvtk%2526quot%253B%253A%2526quot%253B1j50i6a5ui9u1805%2526quot%253B%252C%2526quot%253Btk%2526quot%253B%253A%2526quot%253B1j50i6a0ei9u1803%2526quot%253B%257D%26isRsvpWebapp%3Dfalse%26ms%3D1757734453300%26jobCompany%3DPacific%2BCoast%2BBuilding%2BServices%26pingbackUrl%3Dhttps%253A%252F%252Fgdc.indeed.com%252Fconv%252ForgIndApp%253Fco%253DUS%2526vjtk%253D1j50i6a5ui9u1805%2526jk%253Db49c007647fcc3f5%2526mvj%253D0%2526asub%253Dmob-norsvp-noapply%2526tk%253D1j50i6a0ei9u1803%2526trk.origin%253Djobsearch%2526sj%253D1%2526vjfrom%253Dtp-sponfirstjob%2526advn%253D9264426017199635%2526adid%253D450872317%2526xkcb%253DSoBy6_M3tgsWmJwh5Z0LbzkdCdPP%2526astse%253D2050a5e11731a86c%2526assa%253D7380%26co%3DUS%26isApi%3Dfalse%26advNum%3D9264426017199635%26iaUid%3D1j50i6aspj1de801%26noButtonUI%3Dtrue%26newTab%3Dfalse%26iststd%3D1%26onAppliedStatus%3D_updateIndeedApplyStatus%26spn%3Dtrue%26referrer%3Dhttps%253A%252F%252Fwww.indeed.com%26jobId%3D46b06c8591e0f1ad29c1%26apiToken%3Daa102235a5ccb18bd3668c0e14aa3ea7e2503cfac2a7a9bf3d6549899e125af4%26jobLocation%3DSacramento%252C%2BCA%2B95834%26phone%3DOPTIONAL%26name%3Dfullname%26isGlassdoorOAOP%3Dfalse%26onReady%3D_onButtonReady&cfb=2&obo=http%3A%2F%2Fwww.indeed.com%2F&hl=en_US&from=indapply-login-SmartApply&branding=indeed-apply,,,,,,,,,,,,,,,,,,
Accenture,Consulting,Strategy/Consulting,Strategy Summer Analyst,In person ,"Chicago, Atlanta, Houston, New York City, San Francisco",$32.00 to $35.00,Summer,,https://www.accenture.com/us-en/careers/jobdetails?id=R00285517_en&title=Strategy+Summer+Analyst+-+NAELFY26&utm_campaign=app-deadline-tracker&utm_medium=referral&utm_source=managementconsulted&c=car_glb_curateddailycondialogbox_12220771&n=otc_0621,,,,,,,,,,,,,,,,,,
eBay,eCommerce,Finance ,Financial Analyst Intern,Hybrid ,"San Jose, CA","$2,400-$2,960 bi-weekly",Summer,,https://app.ripplematch.com/v2/public/job/46ac15c8?from_page=company_branded_page,,,,,,,,,,,,,,,,,,
Invesco,Investment Management,Finance ,Summer 2026 Internship - Real Estate (Equity) ,In person ,"New York, San Francisco, Los Angeles, Dallas",$35/hr,Summer,,https://invesco.wd1.myworkdayjobs.com/en-US/IVZ/job/Summer-2026-Internship---Real-Estate--Equity----Early-Careers_R-11553-1,early september,,,,,,,,,,,,,,,,,
DA Davidson,Finance,Finance ,2026 Wealth Management Summer Internship Program,In person ,"See all: Colorado Springs, CO Encino, CA Great Falls, MT Austin, TX Roseville, CA Missoula, MT Seattle, WA Bellevue, WA Helena, MT Bozeman, MT Lake Oswego, OR Pasadena, CA Oklahoma City, OK ",,Summer,,https://www.dadavidson.com/Portals/0/Careers/2026_Internship_Program_Overview.pdf?ver=SdW3pe8pr1jBf6yj483FSw%3d%3d,9/8,10/17,,,,,,,,,,,,,,,,
DA Davidson,Finance,Finance ,"Consumer Group, Investment Banking ",In person ,"Irvine, CA","annualized salary rate of $68,640",Summer,,https://jobs.lever.co/dadavidson/e0628d14-0c8e-47c4-96c1-9ab9e54bcd56,,,,,,,,,,,,,,,,,,
Deutsche Bank ,Finance,Finance ,Deutsche Bank Internship Program Investment Bank: Commercial Real Estate,In person ,New York City,"annualized salary for this position is $110,000",Summer,,https://db.recsolu.com/external/requisitions/fDRPJAg290C2uGNKGJCJBA,,"Oct 10, 2025",,,,,,,,,,,,,,,,
Federal Reserve Bank of SF,Business Analyst,Business Analytics ,2026 SF Fed Summer Internship - BUSINESS ANALYST Intern,In person ,"San Francisco, CA",$20.50 - $30.50,Summer,,https://rb.wd5.myworkdayjobs.com/FRS/job/San-Francisco-CA/XMLNAME-2026-SF-Fed-Summer-Internship---BUSINESS-ANALYST-Intern_R-0000030165?Source=LinkedIn,,,,,,,,,,,,,,,,,,
Northrop Grumman,Business Analyst,Business Analytics ,"Northrop Grumman, 2026 Business Management Intern ",In person ,"Sunnyvale, CA",$23.00 - $36.25,Summer,,https://www.linkedin.com/jobs/view/4305132011/?alternateChannel=search&eBP=NON_CHARGEABLE_CHANNEL&refId=O9l%2FTpkB0MILpP%2FmgyYG1A%3D%3D&trackingId=gPs8l5rGg%2BWGpv%2FGC2ulYw%3D%3D,,,,,,,,,,,,,,,,,,
Tide Rock,Marketing,Marketing ,Marketing Intern,In person ,"San Diego, CA",,Summer,,https://www.linkedin.com/jobs/view/marketing-intern-m-a-at-tide-rock-4300714957/?position=3&pageNum=0&refId=LyG4ejSVynRBan3Lm3KCsg%3D%3D&trackingId=SW836uWgs6r8tZX3QCyIEw%3D%3D,,,,,,,,,,,,,,,,,,
Paycom,Sales,Sales ,Spring Junior Executive Sales Analyst,In person ,"San Diego, CA",$24.00,Spring ,,https://pc00.paycomonline.com/v4/ats/web.php/jobs/ViewJobDetails?job=425744&clientkey=4F36CC2A0D477D971AED20CF5E524699&source=LinkedIn,,,,,,,,,,,,,,,,,,
KPMG,Economoic Valuation,Strategy/Consulting,"Intern, Economic Valuation Services - Tangible Asset Valuations | Multiple Locations Summer 2026",In person ,Multiple Locations,,Summer,,https://www.kpmguscareers.com/jobdetail/?jobId=126856&srcCat=Direct+Contact&specSrc=LinkedIn,,,,,,,,,,,,,,,,,,
BMO U.S.,Wealth Management,Management ,"Wealth Management Internship, Summer 2026, San Francisco, CA ",In person ,"San Francisco, CA",,Summer,,https://bmo.wd3.myworkdayjobs.com/en-US/External/job/San-Francisco-CA-USA/Wealth-Management-Internship--Summer-2026--San-Francisco--CA_R250022279?source=Social_Linkedin,,,,,,,,,,,,,,,,,,N/A
US Bank,Human Resources,Human Resources ,2026 Human Resources Intern,In person ,"Minneapolis, MN,",,Summer,,https://careers.usbank.com/global/en/job/2025-0019941/2026-Human-Resources-Intern,,11/30/2025,,,,,,,,,,,,,,,,
Blackstone,Asset Management,Business Analytics ,2026 Blackstone Data Analyst Summer Analyst,In person ,"Miami, FL",,Summer,,https://blackstone.wd1.myworkdayjobs.com/en-US/Blackstone_Campus_Careers/job/XMLNAME-2026-Blackstone-Data-Analyst-Summer-Analyst_39223,,,,,,,,,,,,,,,,,,
Deloitte,Consulting,Strategy/Consulting,Deloitte - Business Strategy Analyst,In person ,multiple Locations,,Summer,,https://apply.deloitte.com/en_US/careers/JobDetail/Deloitte-Business-Strategy-Analyst/307100,,,,,,,,,,,,,,,,,,
Citizens Bank,Banking,Strategy/Consulting,Risk Management Development Program 2026,In person ,MA,,Summer,,https://jobs.citizensbank.com/job/boston/risk-management-development-program-2026/288/86438903872?utm_source=email&utm_medium=social_post&utm_campaign=Citizens_social,09/22/2025,,,,,,,,,,,,,,,,,
Accenture,Consulting,Strategy/Consulting,Consulting Summer Analyst - NAELFY26,In person ,multiple Locations,$32.00 to $35.00,Summer,,https://www.accenture.com/us-en/careers/jobdetails?id=R00285530_en&title=Consulting+Summer+Analyst+-+NAELFY26&utm_campaign=app-deadline-tracker&utm_medium=referral&utm_source=managementconsulted&c=car_glb_curateddailycondialogbox_12220771&n=otc_0621,,,,,,,,,,,,,,,,,,
UBS,Investment Bank,Business Analytics ,2026 Summer Internship - Equity Research - New York,In person ,new york city,,Summer,,https://jobs.ubs.com/TGNewUI/Search/Home/HomeWithPreLoad?partnerid=25008&siteid=5176&PageType=JobDetails&jobid=321027#jobDetails=321027_5176,,,,,,,,,,,,,,,,,,
The Interlink Group,Investment Analyst,Business Analytics ,Investment Analyst Intern,Remote,N/A,,Winter ,,https://app.joinhandshake.com/jobs/9571834?searchId=,,,,,,,,,,,,,,,,,,
Coca-Cola Beverages,Various,Different Sectors,Summer 2026 Internship,Hybrid ,Florida,,Summer,,https://app.joinhandshake.com/jobs/10339621?searchId=dcf50571-f6af-4146-b105-77086d98c147,,,,,,,,,,,,,,,,,,
DIRECTV ,Marketing,Marketing ,Marketing Summer Internship,Remote,,$20,Summer,,https://app.joinhandshake.com/jobs/10253567?searchId=dcf50571-f6af-4146-b105-77086d98c147,,,,,,,,,,,,,,,,,,
Bloomingdale's,Various,Different Sectors,Summer Corporate Internship Program,Hybrid ,NYC,,Summer,,https://app.joinhandshake.com/jobs/10094462?searchId=dcf50571-f6af-4146-b105-77086d98c147,,,,,,,,,,,,,,,,,,
WSFS Bank,Wealth Management,Management ,2026 Summer Internship Program- Wealth Management,Hybrid ,Various,,Summer,,https://app.joinhandshake.com/jobs/10398526?searchId=dcf50571-f6af-4146-b105-77086d98c147,,,,,,,,,,,,,,,,,,
Experian,Insurance,Management ,Product Management Summer Intern (Remote & Paid),Remote,,20-35/hr,Summer,,https://jobs.experian.com/job/product-management-summer-intern-remote-and-paid-in-united-states-jid-3267,,,,,,,,,,,,,,,,,,
Versapay,Finance,Management ,Product Management Intern,Remote,,20-25/hr,Year Round,,https://www.indeed.com/viewjob?jk=00495ea09f30768f&from=iaBackPress,,,,,,,,,,,,,,,,,,
Honeywell,Software Development,Marketing ,Marketing - Summer 2026 Intern,In person ,various,$20.00/hr - $42.00/hr,Summer,,https://ibqbjb.fa.ocs.oraclecloud.com/hcmUI/CandidateExperience/en/sites/Honeywell/job/113549?utm_medium=jobboard&utm_source=linkedin,,,,,,,,,,,,,,,,,,
LPL Financial,Finance,Different Sectors,"Internship Summer 2026 - Technology, Program Management",In person ,"San Diego, Fort Mill",,,,https://career.lpl.com/job/R-046206/Internship-Summer-2026-Technology-Program-Management-Research-Team,,,,,,,,,,,,,,,,,,
Lumen Technologies,Internet service,Marketing ,Intern - Product Marketing Analyst - Summer 2026,Remote,,26-38/hr,Summer,,https://jobs.lumen.com/global/en/job/340252/Intern-Product-Marketing-Analyst-Summer-2026,,,,,,,,,,,,,,,,,,
Millennium,Investment management,Marketing ,Branding and Communications Intern,In person ,New York,,Summer,,https://campusjobs.mlp.com/careers/job/755945056678?microsite=campus-site,,,,,,,,,,,,,,,,,,
D. E. Shaw,Investment management,Finance ,Proprietary Trading Intern (New York) – Summer 2026,In person ,New York,,Summer,,https://www.deshaw.com/careers/proprietary-trading-intern-new-york-summer-2026-5379,,,,,,,,,,,,,,,,,,
Qualcomm,Technology,Management ,Product Management Internship - Summer 2026,In person ,San Diego,,Summer,<early summer,https://careers.qualcomm.com/careers/job/446707492877,,,,,,,,,,,,,,,,,,
Axos,Banking,Finance ,Financial Analyst Intern - Summer 2026,In person ,San Diego,,Summer,,https://axos.wd5.myworkdayjobs.com/en-US/Axos/details/Financial-Analyst-Intern---Summer-2026_JR3562?q=intern,,,,,,,,,,,,,,,,,,
Visa,Credit Card,Strategy/Consulting,Consulting & Analytics Intern - Summer 2026,In person ,Atlanta,,Summer,,https://jobs.smartrecruiters.com/Visa/744000087944585-consulting-analytics-intern-summer-2026,,,,,,,,,,,,,,,,,,
Knollwood Investment Industry,Venture Capital,Different Sectors,Venture Capital Analyst,In person ,MD,,Summer,,https://app.joinhandshake.com/job-search/10012103?jobRoleGroups=36&page=1&per_page=25,,"Dec 14, 2025",,,,,,,,,,,,,,,,
Beast Elite Consulting,Development,Business Analytics ,Business Development Intern,Remote,,,Summer,,https://app.joinhandshake.com/job-search/9959359?jobType=3&jobRoleGroups=36&page=1&per_page=25,,,,,,,,,,,,,,,,,,
JBREC,Research and Consulting,Different Sectors,Different Sectores,In person ,Varies based on sector,,Summer,,https://jbrec.com/company/careers/summer-internship/,,,,,,,,,,,,,,,,,,
LPL Financial,Finance,Management ,"Internship Summer 2026 - Technology, Program Management (Research Team)",In person ,San Diego / Fort Mill,,Summer,,https://career.lpl.com/job/R-046206/Internship-Summer-2026-Technology-Program-Management-Research-Team,,,,,,,,,,,,,,,,,,
Watercress Capital,Investment Banking,Investment Banking,Investment Banking Intern,Remote,,,Spring ,,https://app.joinhandshake.com/jobs/10451351?searchId=396c36ac-6e74-4736-9072-f234abd6c6c3,,,,,,,,,,,,,,,,,,
Tk Tok ,Strategy ,Different Sectors,Creator Campaign Project Intern,In person ,"Los Angeles, California",,Year Round,,https://lifeattiktok.com/search/7537760530569234706?spread=5MWH5CQ,,,,,,,,,,,,,,,,,,
LA Clippers,Business Analytics,Business Analytics ,Business Analytics Intern,In person ,"Inglewood, California",$20/hour,Year Round,,https://www.nba.com/clippers/company/careers/openpositionlaclippers?gh_jid=4601420006&gh_src=9f5ba8c96us,,,Will work around school schedule,,,,,,,,,,,,,,,
Southwestern Advantage,Sales and Marketing,Sales ,Sales and Marketing Intern,In person ,"San Diego, California",,Summer,,https://www.linkedin.com/jobs/view/4322093531/?alternateChannel=search&eBP=NOT_ELIGIBLE_FOR_CHARGING&refId=WiW50HzMZKionELu98izjA%3D%3D&trackingId=yir5cHFPtA9M3nSgf5Svmg%3D%3D,,,,,,,,,,,,,,,,,,
Bloom Energy,Data Analytics,Data Analytics,Data Analyst Intern,In person ,"San Jose, California",$36.00 - $39.00,Summer,"Bloom Energy is unable to provide VISA sponsorship to interns or new grad hires on an F-1, J-1 or other visa for this position, regardless of CPT or OPT status.",https://bloomenergy.wd1.myworkdayjobs.com/BloomEnergyCareers/job/San-Jose-California/Business-Data-Analyst-Intern---Indirect-Commodity_JR-20721?source=LinkedIn,,,,,,,,,,,,,,,,,,
IBM,Brand Sales ,Sales ,Brand Sales Specialist Intern,In person ,Various,,Summer,,https://ibmglobal.avature.net/en_US/careers/JobDetail?jobId=53555&source=SN_LinkedIn,,,,,,,,,,,,,,,,,,
JP Morgan,Banking,Finance , JPMorganChase Fellowship Program- Commercial & Investment Banking,In person ,Various,,Summer,,https://jpmc.fa.oraclecloud.com/hcmUI/CandidateExperience/en/sites/CX_1001/job/210680006,11/12/2025,01/12/2026,,,,,,,,,,,,,,,,
Kaiser Permanente,Healthcare,Management ,Project Management Bachelor's Intern,In person ," Los Angeles, California",,Year Round,,https://www.kaiserpermanentejobs.org/job/los-angeles/project-management-bachelor-s-intern/641/88355605744,11/12/2025,,,,,,,,,,,,,,,,,
Royal Caribbean Group,Hospitality/Cruises,Business Analytics ,2026 Summer Internship | Business Analytics,Hybrid ,South Florida,,Summer,,https://jobs.royalcaribbeangroup.com/job/Miami-2026-Summer-Internship-Business-Analytics-FL-33132/1318796100/,,,,,,,,,,,,,,,,,,
US Bank,Banking,Finance ,Finance & Banking Fellowship,Remote,"Minneapolis, MN",,Summer,,https://careers.usbank.com/global/en/job/UBNAGLOBAL20250025120EXTERNALENGLOBAL/2026-Discover-Us-Finance-Banking-Fellowship,,"Nov 21, 2025",,,,,,,,,,,,,,,,
Tk Tok ,Social Media,Marketing ,Growth Marketing Intern,In person ,"San Jose, California",,Summer,,https://lifeattiktok.com/search/7532963302877563143?spread=5MWH5CQ,,,,,,,,,,,,,,,,,,
Xilo,AI,Sales ,Sales Intern,In person ,"Carlsbad, California",,Summer,,https://www.linkedin.com/jobs/view/4339934838/,,,Actively Reviewing! Apply fast,,,,,,,,,,,,,,,
Anker Innovations,Technology,Business Analytics ,Business Development Intern,In person ,"Seattle, Washington",$20.00,Summer,,https://www.linkedin.com/jobs/view/4295421401/,,,,,,,,,,,,,,,,,,
BIGO,Media,Management ,Account Management Intern,In person ,"Los Angeles, California",,Summer,,https://www.linkedin.com/jobs/view/4322013463,,,,,,,,,,,,,,,,,,
Anta,Footwear,Sales ,Sales Intern,In person ,"Santa Monica, California",$20-$22,Summer,,https://www.linkedin.com/jobs/view/4321842221/,,,,,,,,,,,,,,,,,,
Paycom,Sales,Sales ,Summer Sales Executive Sales Intern,In person ,"Los Angeles, California",$24,Summer,,https://pc00.paycomonline.com/v4/ats/web.php/portal/4F36CC2A0D477D971AED20CF5E524699/jobs/440369,,,,,,,,,,,,,,,,,,
Henkel,Beauty,Marketing ,Business Development and Marketing Intern,In person ,"Culver City, California",,Summer,,https://henkel.csod.com/ux/ats/careersite/1/requisition/75319/application?c=henkel&jobboardid=0&source=LinkedIn#1,,,,,,,,,,,,,,,,,,
Vitamin World,Health & Wellness,Marketing ,Marketing Intern,In person ,"Beverly Hills, California",$22-$28,Year Round,,https://www.indeed.com/viewjob?jk=2a010000264a61c9&q=business%20internship%20summer&tk=1jefq331vi01g807&from=web%2CiaBackPress&advn=3113876818004192&adid=454644753&ad=-6NYlbfkN0ClQiO7XoSG5fnIC7a-4UU54QZPTYLR6sseA6X6nob6LFO0G1Bf243GismQDVZIfm88qS5XJOklKlKu6fl3OFHouMl8guGk-E40tBt2Sf_aMDZFzKSD5li1zRt5DAoeSbL5fSBi30MDm9ILdG3z3OLZO2bjB6E96pW8DiPuFEFY-1Q_tQOFZhKI0uCgMK-kS2QAq0rC0xm0k2IQP_5rgaY2p6lpC68aAU34YcldT9XiYKB66tvbKsDydEdc-tT7YQ5g9ppPGrjQHwgXkgcQEMCW2Ftt9GPQL5fwayzQBu2Tw5sC70MTz9Mn8VSIRR6wVWdnVhKcsbG3PrA2P6PW1VeMOq7C0GCatzqaaEZ7gyYqgprZaFWbFJ5DaNNfDXq7d7lRHPtF6994VqXPwfSp5Yq9JcQIR9kxh5Tz3PZnqZN7Ok4jAMfPrKuPX9TaKPnGxOgBMDXq39K_aHCBGa-tB6ayQy6xBCjPsrAtosLI6XdNG2TVBqX0kRR9zsZiWdxfrLa5ffhGB8RYUreQyrlayQ95aZrC1LP-iFl_qsN_T5LNjg%3D%3D&pub=4a1b367933fd867b19b072952f68dceb&camk=UoKtGZLa3XL8jxD78BO-Ww%3D%3D&xkcb=SoD_6_M3oP8DsESnCB0IbzkdCdPP&xpse=SoCL6_I3oP8C3TQVn50PbzkdCdPP&xfps=21119fdb-eebd-48fd-9f7a-0cf596244110&vjs=3,,,,,,,,,,,,,,,,,,
Northwestern Mutual,Financial Services,Finance ,Business and Finance Internship,In person ,"Reno, Nevada",,Summer,,https://www.indeed.com/viewjob?jk=a588b062de9096a6&q=business+internship+summer&tk=1jefq89ikhiel809&from=web&advn=7490850643666126&adid=455194032&ad=-6NYlbfkN0BRQfDJVk4sZsyTJ_Gn8ciI1-LIirWTkxO8VE_bqPaB3FOrQjSgEi6C7tLq9_2raYRV_f_B_tYY44ixMYj84XV8y17-m3loA8y_FQIF9sTjD8kd-5QUk7DLO4BvbmTHRhPYt7ylXbTaHiLT7kvptXqCSGreJfDPbehmLXuIbTWyP-XwrSrpEyLys3S8FTtUswzICU9b6KclNpk5zkqRJOQMlM5bsD0vPsIPHqittmQiQB0qDhOO5LMBFZi4LX5rJ1iY-KYqIbRVsS0PK3DTD22THnk9WovPn7jURRqHRYcrswamZ8sRr8RBJd-kVVnurHAlcPNG2WO8Tm8g19adHIyKxBnEKtgA0ZKwo-9iGcuIabr-qxKWhl8-67f-RhMFcdOqLULi7XO8hV6bNzq9R-3LsWRCVuQb9r1mMFNTZqXF24ZKlLliphlzfs_EkW1flUuhlmiWJ6JZSNQ1Qw_uyb5_gpkUoaaHTt4gW2J52kp8NsFPWjc-FG18B7OHLqSl4gA3SsQYY8tq4tGhkC711igGhuQC2Jvb7XdlFAio0jngdsMimiI9rmVE&pub=4a1b367933fd867b19b072952f68dceb&camk=UoKtGZLa3XKN030m8oJu8g%3D%3D&xkcb=SoAZ6_M3oP8u4BynCB0IbzkdCdPP&xpse=SoA96_I3oP8tzkWFaB0NbzkdCdPP&xfps=cf4f806a-0f6c-4663-b9c8-7d00013629ec&vjs=3,,,,,,,,,,,,,,,,,,
SnapDragon Associates,Building Materials & Construction,Sales ,Sales Intern,In person ,"Bedford, New Hampshire",,Year Round,,https://www.indeed.com/viewjob?jk=b3711885625c6caa&q=business+internship+summer&tk=1jefqfafeiv9e805&from=web&advn=8807338178692966&adid=447063157&ad=-6NYlbfkN0DhqOnK6bxrtgtcxhPBiNmYp1uCe7DBkPBjkMsJpAV9Zt1zgHrMMR3udBLXo2SWaggAtBZEuP1KyI2b99NCWYJdVJq9880qUJzxhtguf6NkRvOZsvYzYo5Yr8EWnRPtsusdGuWIe4NCPF7DY1Pt5BC0gt6qxGonjOZYjWWmgm71T26MAcP3NO9cd1EibZs9d5RZhaFf3mUwU4z0wmb1lKRZfsQKawSRr1HJn0F149SVrrRcEKzpm3cFcTsmHfmZ_YMTrcyXNROsmmjDNsgFAR65X7jm_Y1oCaYvouQOk1AIqr9jhETluhsSnSyC1RhlqXMokJ0Yicz5qtHutCZYWwOpYPy-SLxLtgvkX65CvhkyuKiA022dNM0SEif0XzvBVddgR-9dY0ST_7olk7mR-9crjw29rqmR3r81OnkUlqVpT9PHrB6QhR2u5f37XP8aLSzz96Y8WEaOZN2pKPAOma3jJFNkwTfgrLEuYS2NHtkbEox5NH6hy5ZdMi6wjtWKKm5W_t0-vO1n0Q5tEeAXGdTLGH8hCc78HqiPufL-Tq1HxhswCIYeljwk&pub=4a1b367933fd867b19b072952f68dceb&camk=ethIe0s0hedW_4cod_RdNA%3D%3D&xkcb=SoBt6_M3oP8yjLxOJx0GbzkdCdPP&xpse=SoB66_I3oP8xp-gTjj0PbzkdCdPP&xfps=8c91af9d-fa90-43c1-ad2a-f7a8acd4508d&vjs=3,,,,,,,,,,,,,,,,,,
Neurocrine Biosciences,Biotechnology,Management ,Program Management Intern,In person ,"San Diego, California",$25-$30,Summer,,https://neurocrine.wd5.myworkdayjobs.com/en-US/Neurocrinecareers/job/US-CA-San-Diego/Program-Management-Intern_R6329?source=LinkedIn,,,,,,,,,,,,,,,,,,
GoFundMe,Fundraising,Management ,Customer Success Manager Intern,Hybrid ,"San Diego, California",$30,Summer,,https://www.linkedin.com/jobs/view/4337239198,,,,,,,,,,,,,,,,,,
Solvenergy,Renewable Energy Industry,Strategy/Consulting,Business Development Intern,In person ,"San Diego, California",$20-$22,Summer,,https://solvenergy.wd1.myworkdayjobs.com/SOLV_External_Career/job/San-Diego-CA-Renewable-Group/Business-Development-Intern_J12383?source=LinkedIn,,,,,,,,,,,,,,,,,,
TD Bank,Banking,Strategy/Consulting,2027 Summer Analyst Program - M&A,In person ,"Dallas, Texas",$30.00 - $45.00 USD,Summer,,https://td.wd3.myworkdayjobs.com/en-US/TD_Bank_Careers/job/XMLNAME-2027-Summer-Analyst-Program---M-A--Dallas-_R_1465004?locationCountry=bc33aa3152ec42d4995f4791a106ed09,,2/1/2026,,,,,,,,,,,,,,,,
TD Bank,Banking,Sales ,"2027 Summer Analyst Program – Global Markets, Sales & Trading (New York)",In person ,"New York, New York",$30.00 - $45.00 USD,Summer,,https://td.wd3.myworkdayjobs.com/en-US/TD_Bank_Careers/job/XMLNAME-2027-Summer-Analyst-Program---Global-Markets--Sales---Trading--New-York-_R_1464931?locationCountry=bc33aa3152ec42d4995f4791a106ed09,,2/1/2026,,,,,,,,,,,,,,,,
Turner Construction,Construction management,Finance ,Intern - Operational Finance (San Diego),In person ,"San Diego, California",26.00 - 27.00 USD,Not Shown,,https://turnerconstruction.csod.com/ux/ats/careersite/1/home/requisition/18736?c=turnerconstruction&sq=req18736&state=ca&city=san%20diego&mc_cid=add412efc3&mc_eid=a8463a29bb,,,,,,,,,,,,,,,,,,
Evercore,Investment Banking,Finance ,2027 Strategic Advisory: Mergers & Acquisitions Summer Analyst Program,In person ,"Menlo Park, CA",,Summer,,https://evercore.tal.net/vx/lang-en-GB/mobile-0/appcentre-1/brand-6/xf-adba8d2e8339/candidate/so/pm/1/pl/2/opp/2911-2027-Strategic-Advisory-Mergers-Acquisitions-Summer-Analyst-Program-Menlo-Park-Healthcare/en-GB,,2/1/2026,,,,,,,,,,,,,,,,
Intuit,Finance,Management ,Summer 2026 Product Manager Intern,In person ,"Mountain View, CA",$45.67 - $70.37/hr,Summer,,https://jobs.intuit.com/job/mountain-view/summer-2026-product-manager-intern/27595/89600893520?cid=unknownReferringDomains_unknownReferringDomains,,,,,,,,,,,,,,,,,,
Hologic,Medical ,Management ,Intern - Customer Education - Molecular Diagnostic,In person ,"San Diego, California",$21 - $25,Summer,,https://careers.hologic.com/search/300000422873285/intern-customer-education-molecular-diagnostics?utm_source=linkedin&utm_medium=campaign,,,,,,,,,,,,,,,,,,
PWC,Advising,Strategy/Consulting,Business Process Consulting Intern,In person ,"Los Angeles, California",$29-$48,Summer,,https://jobs.us.pwc.com/job/-/-/932/90822418304?utm_source=linkedin.com&utm_campaign=core_media&utm_medium=social_media&utm_content=job_posting&ss=paid&gad_source=7&dclid=CJGMtOu7sZIDFajyuAgdib85NQ,,,,,,,,,,,,,,,,,,
Bumble Bee Seafood Company,Supply Chain,Business Analytics ,Logistics Intern,In person ,"San Diego, California",$22,Not Shown,,https://thebumblebeecompany.com/job-listings/logistics-intern/,,,,,,,,,,,,,,,,,,
DLC,Real Estate,Strategy/Consulting,Business Development Intern,Hybrid ,"Orange County, CA",$23,Summer,,https://www.linkedin.com/jobs/search/?currentJobId=4330367115&keywords=business%20intern&start=25,,,,,,,,,,,,,,,,,,
AON,Financial Services,Human Resources ,Early Career Health & Benefits Intern,Hybrid ,"Los Angeles, California",$21 - $27,Summer,,https://jobs.aon.com/jobs/96338?lang=en-us&iis=Job+Board&iisn=LinkedIn,,,,,,,,,,,,,,,,,,
Robinhood,Financial Services,Finance ,Corporate Treasury Operations Intern (Summer 2026),In person ,"Washington, DC",$36 - $36 USD,Summer,,https://job-boards.greenhouse.io/robinhood/jobs/7155913?gh_src=NaN&gh_jid=7155913,,,,,,,,,,,,,,,,,,
Bloom Energy,Data Analytics,Marketing ,Revenue Marketing Intern,In person ,"San Jose, California",$31.25 - $34.25,Summer,,https://bloomenergy.wd1.myworkdayjobs.com/BloomEnergyCareers/job/San-Jose-California/Revenue-Marketing-Intern_JR-20695?source=LinkedIn,,,,,,,,,,,,,,,,,,
Corsair,Gaming Technology,Marketing ,Product Marketing Intern,In person ,"Milpitas, CA",$25 per hour,Summer,,https://edix.fa.us2.oraclecloud.com/hcmUI/CandidateExperience/en/sites/CX_1/job/8636?utm_medium=jobshare,,,,,,,,,,,,,,,,,,
Corcept,Pharmaceutical,Marketing ,Digital Marketing Intern,In person ,"Redwood City, CA",$26/hr,Summer,,https://job-boards.greenhouse.io/corcepttherapeutics/jobs/5735898004?gh_src=1850f0c44us,,,,,,,,,,,,,,,,,,
Marvell,Semiconductors,Marketing ,Marketing Operations Intern,In person ,"Santa Clara, CA",30 - 60/hr,Summer,,https://marvell.wd1.myworkdayjobs.com/MarvellCareers/job/Santa-Clara-CA/Marketing-Operations-Intern---Bachelor-s-Degree_2502706-1?src=SNS-102&source=LinkedIn,,,,,,,,,,,,,,,,,,
Crusoe,"AI, energy",Marketing ,Digital Marketing Intern: Digital Experimentation & Insights,In person ,"San Francisco, CA",,Summer,,https://jobs.ashbyhq.com/Crusoe/d3b3e3ee-5241-45c5-abe3-26e79cd3bcdd,,,,,,,,,,,,,,,,,,
Atlassian,Software ,Marketing ,Customer Marketing Intern,In person ,"San Francisco, CA",$35/hr - $40/hr,Summer,,"https://careers-americas.icims.com/jobs/23850/customer-marketing-intern,-2026-summer-u.s./job?iis=LinkedIn&iisn=LinkedIn_Job_Ad&mode=job&mobile=false&width=1036&height=500&bga=true&needsRedirect=false&jan1offset=-480&jun1offset=-420",,,,,,,,,,,,,,,,,,
Okta,Software,Strategy/Consulting,University Recruiting Intern,In person ,"San Francisco, CA",$28,Summer,,https://www.okta.com/company/careers/ga/university-recruiting-intern-summer-2026-7544485/?gh_src=7j0um41,,,,,,,,,,,,,,,,,,
Morgan Stanley,Finance,Finance ,Intern,In person ,"San Jose, California",$15-$20,Summer,,https://morganstanley.eightfold.ai/careers/job/549795942672,,,,,,,,,,,,,,,,,,
GoFundMe,Fundraising,Finance ,Finance Intern,In person ,"San Diego, California",$30,Summer,,https://job-boards.greenhouse.io/gofundme/jobs/7295353,,,,,,,,,,,,,,,,,,
Nvidia,"Software, AI",Business Analytics ,Business Analyst Intern,In person ,"Santa Clara, Washington DC",$20,Summer,,https://nvidia.wd5.myworkdayjobs.com/NVIDIAExternalCareerSite/job/US-CA-Santa-Clara/Business-Analyst-Intern---Summer-2026_JR2012490?source=jobboardlinkedin,,,,,,,,,,,,,,,,,,
Cartier,Fashion,Strategy/Consulting,Commercial Strategy & Network Development Intern,In person ,"New York, New York",$25,Summer,,https://richemont.wd3.myworkdayjobs.com/richemont/job/NEW-YORK/Commercial-Strategy---Network-Development-Intern_JR125146/apply?source=LinkedIn_Site,,,,,,,,,,,,,,,,,,
Johnson & Johnson,Pharmaceutrical,Management ,Campus Management Intern,Hybrid ,"San Diego, California",$23 - $59/hr,Not Shown,,https://www.careers.jnj.com/en/jobs/r-057609/jj-la-jolla-campus-management-intern/?source=LinkedIn,,,,,,,,,,,,,,,,,,
ASML,Semiconductor Industry,Strategy/Consulting,Internship - Strategic Sourcing and Procurement,In person ,"San Diego, California",$18 - $57/hr,Not Shown,,https://www.asml.com/en/careers/find-your-job/internship-strategic-sourcing-and-procurement-j00332803?source=LinkedIn,,,,,,,,,,,,,,,,,,
Privia Health,Healthcare Industry,Strategy/Consulting,Growth Operations Intern,Remote,United States,$18,Year Round,,https://www.linkedin.com/jobs/view/4375012847,,,,,,,,,,,,,,,,,,
Neurocrine Biosciences,Biotechnology,Management ,Field Operations Intern,In person ,"San Diego, California",NA,Summer,,https://neurocrine.wd5.myworkdayjobs.com/en-US/Neurocrinecareers/job/US-CA-San-Diego/Field-Operations-Intern_R6346?source=LinkedIn,,,,,,,,,,,,,,,,,,
Turner Construction,Construction Management,Management ,Human Resources Intern,In person ,"San Diego, California",$26,Summer,,https://turnerconstruction.csod.com/ux/ats/careersite/1/home/requisition/19012?c=turnerconstruction&amp;source=LIN,,,,,,,,,,,,,,,,,,
Teradata,Software,Finance ,FP&A Intern,In person ,California,,Summer,,https://careers.teradata.com/jobs/219741/fpanda-intern-global-services,,,,,,,,,,,,,,,,,,
Dropbox,Cloud Storage,Finance ,Finance Transformation Intern,Remote,,,Summer,,https://www.dropbox.jobs/en/jobs/7510447/finance-transformation-intern-summer-2026/,,,,,,,,,,,,,,,,,,
Columbia Threadneedle Investments,Asset Management,Finance ,Investments Internship - Equities,In person ,Chicago,$31,Summer,,https://careers.ameriprise.com/search-jobs/r25_0000003771/investments-internship-equities/,,,,,,,,,,,,,,,,,,
Equity Method Careers,Finance Reporting,Finance ,Spring 2026 Externship (UC San Diego),In person ,"Scottsdale, Arizona",,Spring ,,https://jobs.jobvite.com/equitymethods/job/oIKtyfwd,,,,,,,,,,,,,,,,,,
Solomon Partners,Investment Banking,Finance ,2027 Investment Banking Summer Analyst Program - Chicago,In person ,Chicago IL,,Summer,,https://job-boards.greenhouse.io/solomonpartnersstudentsgraduates/jobs/4621016006,,,,,,,,,,,,,,,,,,
Tesla,Energy,Business Analytics ,Business Development Intern/ Energy,In person ,"Palo Alto, CA",,Summer,,https://www.tesla.com/careers/search/job/256894?source=LinkedIn,,,,,,,,,,,,,,,,,,
Bloom Energy,Energy,Finance ,Finance Intern,In person ,"San Jose, CA",,Summer,,https://bloomenergy.wd1.myworkdayjobs.com/en-US/BloomEnergyCareers/login?redirect=%2Fen-US%2FBloomEnergyCareers%2Fjob%2FSan-Jose%252C-California%2FFinance-Intern_JR-21747%2Fapply%2FapplyManually%3Fsource%3DLinkedIn,,,,,,,,,,,,,,,,,,
BetterHelp,Investment Banking,Marketing ,Performance Marketing Intern,Remote,,,Summer,,https://job-boards.greenhouse.io/betterhelpcom/jobs/5141080008?gh_src=ef3d79078us,,,,,,,,,,,,,,,,,,
California Community Foundation,Investment,Finance ,Investments Intern,In person ,"Los Angeles, CA",,Summer,,https://workforcenow.adp.com/mascsr/default/mdf/recruitment/recruitment.html?cid=f6367592-039a-4a45-accf-d85964830146&ccId=19000101_000001&lang=en_US&jobId=914826&source=LI,,,,,,,,,,,,,,,,,,
Elf Beauty,Beauty,Finance ,Financial Planning and Analysis Intern,In person ,"Oakland, CA",,Summer,,https://jobs.lever.co/elfbeauty/1939179b-a428-439b-9d16-f3a2eb600401/apply?lever-source=LinkedIn,,,,,,,,,,,,,,,,,,
Kaiser Permanente,Health Care,Finance ,Finance Intern,Remote,,,Summer,,https://www.kaiserpermanentejobs.org/job/-/-/641/91318925120?utm_source=linkedin.com&utm_medium=job_posting&utm_campaign=national&utm_content=social_media&utm_term=323590635&ss=paid,,,,,,,,,,,,,,,,,,
Snowflake,Software,Software Development,Software Development Intern,In person ,"Menlo Park, CA",,Summer,,https://careers.snowflake.com/us/en/job/SNCOUSC6D776BCBC4C42C2B8D82A3B42A8EB74EXTERNALENUSF06DD58B360C4265B6818997F6CAA4F2/Sales-Development-Intern-Summer-2026?utm_source=Q2P9NP2NNP&utm_medium=phenom-feeds&gh_src=ed5543a62,,,,,,,,,,,,,,,,,,
Sony Electronics,Technology,Communication,Communications Intern,Hybrid ,"San Diego, CA",$19.8 - $37.40,Not Shown,,https://sonyglobal.wd1.myworkdayjobs.com/SonyGlobalCareers/job/San-Diego/Communications-Intern_JR-118886?source=LinkedIn,,,,,,,,,,,,,,,,,,
NeuroCrine Biosciences,Biotechnology,Marketing ,Brand & Field Medical Marketing Intern,In person ,"San Diego, CA",,Summer,,https://neurocrine.wd5.myworkdayjobs.com/en-US/Neurocrinecareers/job/US-CA-San-Diego/Brand---Field-Medical-Marketing-Intern---Patient-Initiatives_R6317?source=LinkedIn,,,,,,,,,,,,,,,,,,
NFP,Insurance Broker,Human Resources ,2026 Summer Human Resources Intern,In person ,"San Diego, CA",$18-$24,Summer,,nfpcorp.contacthr.com/150550929,,,,,,,,,,,,,,,,,,
General Atomics,Defense,Management ,Intern-Business Operations,In person ,"San Diego, CA",$38.2K - 56.8K/yr,Year Round,,https://sjobs.brassring.com/TGnewUI/Search/home/HomeWithPreLoad?PageType=JobDetails&partnerid=25539&siteid=5310&jobId=5215899&codes=ILNK&src=ILNK#jobDetails=5215899_5310,,,,,,,,,,,,,,,,,,
LPL Financial,Financial Services,Management ,Business Development Associate,In person ,"San Diego, CA",$25.24 - $42.07,Year Round,,https://lplfinancial.wd1.myworkdayjobs.com/External/job/Fort-MillCharlotte/Business-Development-Associate_R-048817?source=rd_linkedin_jobposting&utm_source=linkedin.com&utm_medium=job_posting&utm_campaign=Annual_Media&utm_content=social_media&utm_term=331367885&ss=paid,,,,,,,,,,,,,,,,,,
BNP Paribas ,Financial Services,Finance ,"2027 – Summer Analyst Internship - Global Markets, Equity Research",In person ,"New York, New York",salaried,Summer,,https://group.bnpparibas/en/careers/job-offer/2027-summer-analyst-internship-global-markets-equity-research,,,,,,,,,,,,,,,,,,
Intuit,Finance,Strategy/Consulting,Summer 2026 - Mid Market Strategy & Transformation Intern,In person ,"Mountain View, CA",,Summer,,https://jobs.intuit.com/job/mountain-view/summer-2026-mid-market-strategy-and-transformation-intern/27595/93655728640?cid=referredJobs_linkedin,,,,,,,,,,,,,,,,,,
Robinhood,Financial Services,Human Resources ,PeopleX Partner Intern,In person ,"Menlo Park, CA",,Summer,,https://job-boards.greenhouse.io/robinhood/jobs/7155924?gh_src=NaN&gh_jid=7155924,,,,,,,,,,,,,,,,,,
Nepternship,Middle Market Private Equity Fund,Finance ,"Private Equity Analyst Intern, Growth Equity",In person ,"New York City, NY",,Summer,,https://nepternship.com/jobs/private-equity-intern/?gh_src=Handshake&iisn=Handshake&iis=Handshake&src=Handshake&source=Handshake&ref=Handshake&utm_medium=Handshake&referral=Handshake&utm_source=Handshake&__jvst=Handshake&__jvsd=Handshake&sourceDetails=Handshake&trid=Handshake&lever-source%5B%5D=Handshake&Source=Handshake&rb=Handshake&jobBoardSource=Handshake&channel=Handshake&rcid=Handshake,,,,,,,,,,,,,,,,,,
Rise Alliance,Consulting,Strategy/Consulting,"Summer 2026 Undergraduate Internship – Business Strategy, Payment Operations, & Consulting",In person ,"New York City, NY",,Summer,,https://jobs.lever.co/risealliance/e38cd185-0931-4440-8471-9d8abded66fa?gh_src=Handshake&iisn=Handshake&iis=Handshake&src=Handshake&source=Handshake&ref=Handshake&utm_medium=Handshake&referral=Handshake&utm_source=Handshake&__jvst=Handshake&__jvsd=Handshake&sourceDetails=Handshake&trid=Handshake&lever-source%5B%5D=Handshake&Source=Handshake&rb=Handshake&jobBoardSource=Handshake&channel=Handshake&rcid=Handshake,,,,,,,,,,,,,,,,,,
Fenwick,Finance ,Finance ,Finance Intern,In person ,"Silicon Valley, CA",$21-$25,Summer,,https://fenwick.wd1.myworkdayjobs.com/Fenwick_External_Careers/job/Silicon-Valley/Finance-Intern_R2861-1?source=LinkedIn,,,,,,,,,,,,,,,,,,
Northwestern Mutual,Finance,Finance ,Finance Intern,In person ,"Milwakee, WI",,Summer,,https://careers.northwesternmutual.com/corporate-careers/jr-44111/finance-intern/?source=LinkedIn,,,,,,,,,,,,,,,,,,
City of Seattle ,Investment,Accounting ,Investment Intern,In person ,"Seattle, WA",,Summer,,https://www.governmentjobs.com/careers/seattle/jobs/5298336/investment-research-intern,,,,,,,,,,,,,,,,,,
Enterprise,Car Rental,Management ,Summer Management Intern,In person ,"Monroeville, PA",,Summer,,ad.doubleclick.net/ddm/clk/609435553;417269631;o?https://www.enterprisemobility.com/en/careers/job.html/532071?utm_source=linkedin.com&utm_medium=listing&utm_campaign=xml_feed_us&mcid=jobboard:45130921,,,,,,,,,,,,,,,,,,
Zscaler,Security,Marketing ,Marketing Intern,In person ,"San Jose, CA",,Summer,,https://job-boards.greenhouse.io/zscaler/jobs/5081917007?gh_src=c9f3d7237&trid=2d92f286-613b-4daf-9dfa-6340ffbecf73,,,,,,,,,,,,,,,,,,
The City of San Diego,International Trade,Strategy/Consulting,Intern-Council,In person ,"San Diego, CA",$19-$22,Summer,,https://jobs.sandiego.gov/job/Intern-Council-CA/1377890100/?utm_source=linkedin,,,,,,,,,,,,,,,,,,
NFP,Insurance,Human Resources ,Human Resources Intern,In person ,"San Diego, CA",$18-$24,Summer,,https://careers.nfp.com/job/22563414/human-resources-intern-san-diego-ca/?source=Linkedin%2520Job%2520Posting,,,,,,,,,,,,,,,,,,
Legends Global,Entertainment,Sales ,"Global Sales, Summer Intern",Remote,United States,N/A,Summer,,https://asmglobal.wd1.myworkdayjobs.com/careers/job/Remote-USA/Global-Sales--Summer-Intern_R100117805,,,,,,,,,,,,,,,,,,
American Red Cross,Biotechnology,Sales ,Engagement Intern,In person ,"San Diego, CA",N/A,Year Round,,https://americanredcross.wd1.myworkdayjobs.com/American_Red_Cross_Careers/job/San-Diego-CA/Engagement-Intern_RC87812?%253Fsource=515&source=515,,,,,,,,,,,,,,,,,,
Honest Health,Healthcare,Finance ,Strategic Finance Intern,Remote,United States,$17-$20,Year Round,,https://honesthealth.wd503.myworkdayjobs.com/HonestHealth/job/Remote/Strategic-Finance-Intern_2026-R55-1?source=LinkedIn,,,,,,,,,,,,,,,,,,
Ryan Speciality,Insurance,Different Sectors,ProExec Intern,In person ,"SF, CA",,Summer,,https://ryansg.wd5.myworkdayjobs.com/Ryan_Specialty_Career_Site/job/San-Francisco---California---Montgomery/ProExec-Intern_JR26-4535-1?source=LinkedIn,,,,,,,,,,,,,,,,,,
Fernick and West,Finance,Finance ,Finance Intern,In person ,"Silicon Valley, CA",,Summer,,https://fenwick.wd1.myworkdayjobs.com/Fenwick_External_Careers/job/Silicon-Valley/Finance-Intern_R2861-1?source=LinkedIn,,,,,,,,,,,,,,,,,,
CLA,Investment Banking,Finance ,Investment Banking Intern,In person ,"Seattle, WA",,Summer,,https://cliftonlarsonallen.wd1.myworkdayjobs.com/CLA/job/Seattle-WA/Investment-Banking-Intern---Summer-2027---Seattle--WA_R17364?src=APPLICANT_SOURCE-3-38,,,2027,,,,,,,,,,,,,,,
Enterprise,Car Rental,Management ,Management Trainee,In person ,"SF, CA",,Summer,,https://ad.doubleclick.net/ddm/clk/609435553;417269631;o?https://www.enterprisemobility.com/en/careers/job.html/532100?utm_source=linkedin.com&utm_medium=listing&utm_campaign=xml_feed_us&mcid=jobboard:45130921,,,,,,,,,,,,,,,,,,
ByteDance,,Different Sectors,Insurance Operations Intnern,Remote,"Seattle, WA",,Summer,,https://joinbytedance.com/search/7579330892582701365,,,,,,,,,,,,,,,,,,
Maravai,Biotechnology,Finance ,Intern-Finance,In person ,"San Diego, CA",$25,Year Round,,https://job-boards.greenhouse.io/maravailifesciences/jobs/4688055005?gh_jid=4688055005&gh_src=6f4ca1c15us,,,,,,,,,,,,,,,,,,
EXL,Healthcare,Accounting ,Healthcare Operations Intern-Post Audit,Remote,United States,$20-$25,Summer,,https://fa-ewjt-saasfaprod1.fa.ocs.oraclecloud.com/hcmUI/CandidateExperience/en/sites/CX_2/job/13824,,,,,,,,,,,,,,,,,,
UBS,Financial Services,Management ,Intern,In person ,"San Diego, CA",$20,Year Round,,https://jobs.ubs.com/TGnewUI/Search/home/HomeWithPreLoad?PageType=JobDetails&partnerid=25008&siteid=5012&jobId=345332&codes=ILINKEDIN#jobDetails=345332_5012,,,,,,,,,,,,,,,,,,
Save the Airwaves,Advertising,Different Sectors,Business Development & Communications Intern,In person ,"San Diego, CA",,Year Round,,https://www.linkedin.com/jobs/view/4408630061,,,,,,,,,,,,,,,,,,
Data Axle,Data,Management ,Associate Account Manager Intern,Remote,United States,$24.04,Year Round,,https://myjobs.adp.com/dataaxle/cx/job-details?__tx_annotation=false&reqId=5001178126106,,,,,,,,,,,,,,,,,,
Onto Innovation,Semiconductor Manufactoring,Management ,Sales Order Management Internship,In person ,"Milpitas, CA",,Summer,,https://wd1.myworkdaysite.com/en-US/recruiting/onto/onto_careers/job/Milpitas-CA/Sales-Order-Management-Internship_R-5738?source=LinkedIn,,,,,,,,,,,,,,,,,,
Cintas Corporation,Manufacturer,Management ,Intern,In person ,"Gilroy, CA",$18.30 - $24.71/,Year Round,,https://careers.cintas.com/job/Gilroy-Intern-CA-95020/1347572200/?feedId=222700&utm_source=LinkedInJobPostings&utm_campaign=Linkedin_Postings,,,,,,,,,,,,,,,,,,
Penumbra,Medical Devices,Sales ,Sales Operations Intern,In person ,"Alameda, CA",,Not Shown,,https://jobs.lever.co/penumbrainc/73b57cf4-4186-4868-a4ba-4d78cdcce88d/apply?source=LinkedIn,,,,,,,,,,,,,,,,,,
TikTok,Social Media,Management ,Product Manager Intern (Content and Service Ads) - 2026 Summer (BS/MS),In person ,"San Jose, CA",,Summer,,https://lifeattiktok.com/search/7600558971164870917?spread=5MWH5CQ,,,,,,,,,,,,,,,,,,
WeDriveU,Transportation Solutions,Management ,Transportation Business Intern,In person ,"South San Francisco, CA",,Summer,,https://web.fountain.com/apply/wedriveu/opening/transportation-business-intern-san-francisco-ca?src=LinkedIn,,,,,,,,,,,,,,,,,,